question,expected_category,predicted_category,generated_response,classificacao_correta_qa,nota_resolucao,categoria_final_qa,status,feedback
Gostaria de cancelar meu pedido realizado ontem.,cancelamento,cancelamento,"Seu pedido será cancelado em até 5 dias úteis. Você receberá uma confirmação por e-mail assim que o cancelamento for processado. Por favor, aguarde o prazo para que possamos concluir o cancelamento.",True,4,cancelamento,APROVADO,"Resposta clara e objetiva, mas poderia incluir uma desculpa pelo inconveniente."
"Quero desistir da compra do tênis, como faço para cancelar antes que enviem?",cancelamento,cancelamento,Seu pedido será cancelado em até 5 dias úteis. Basta informar o número do pedido para que possamos proceder com o cancelamento. O cancelamento será processado assim que recebermos sua confirmação.,True,5,cancelamento,APROVADO,"Resposta clara e eficaz, atendeu à necessidade do cliente."
"Por favor, cancelem o pedido #45821 imediatamente.",cancelamento,cancelamento,O cancelamento do pedido #45821 será processado em até 5 dias úteis. Você receberá uma confirmação assim que o processo for concluído. Seu pedido será cancelado conforme solicitado.,True,4,cancelamento,APROVADO,"Resposta clara e objetiva, atendendo à solicitação do cliente."
Comprei o produto errado por engano e quero cancelar.,cancelamento,cancelamento,"Seu pedido será cancelado em até 5 dias úteis. Por favor, aguarde o processamento do cancelamento. Você será notificado assim que o cancelamento for concluído.",True,5,cancelamento,APROVADO,"Resposta clara e eficaz, atende às necessidades do cliente."
Pedi o tamanho errado. Quero cancelar essa compra pra refazer com o tamanho certo.,cancelamento,cancelamento,Seu pedido será cancelado em até 5 dias úteis. Você poderá refazer a compra com o tamanho correto após o cancelamento. Basta aguardar o processamento do cancelamento para fazer uma nova compra.,True,5,cancelamento,APROVADO,"Resposta clara e eficaz, atendendo às necessidades do cliente."
Não quero mais o item que comprei hoje cedo. Pode cancelar por favor?,cancelamento,cancelamento,"Sim, podemos cancelar o pedido. O cancelamento será processado em até 5 dias úteis. Você receberá uma confirmação assim que o processo for concluído.",True,5,cancelamento,APROVADO,"Resposta clara e eficaz, atendendo à solicitação do cliente."
Como faço para solicitar o cancelamento de uma compra pendente?,cancelamento,cancelamento,"Para solicitar o cancelamento, basta acessar sua conta e selecionar a opção de cancelar a compra pendente. O cancelamento será processado em até 5 dias úteis. Entre em contato conosco se tiver mais alguma dúvida.",True,5,cancelamento,APROVADO,"Resposta clara e concisa, atendeu à dúvida do cliente de forma eficaz."
Infelizmente vou ter que cancelar meu pedido pq tive um imprevisto financeiro.,cancelamento,cancelamento,Entendo a situação e farei o cancelamento do seu pedido. O cancelamento será processado em até 5 dias úteis. Você receberá uma confirmação assim que o processo for concluído.,True,5,cancelamento,APROVADO,Resposta eficaz e clara sobre o processo de cancelamento.
"Quero cancelar o pedido de código 882319, mudei de ideia.",cancelamento,cancelamento,"O cancelamento do seu pedido de código 882319 será processado em até 5 dias úteis. Você receberá uma confirmação por e-mail assim que o processo for concluído. Se tiver alguma outra dúvida, basta informar.",True,5,cancelamento,APROVADO,"Resposta clara e eficaz, atendeu à solicitação do cliente."
"Por favor, suspendam e cancelem minha entrega, não vou estar em casa e desisti da compra.",cancelamento,cancelamento,Seu pedido será cancelado em até 5 dias úteis. Você receberá uma confirmação por e-mail assim que o cancelamento for processado. O cancelamento será concluído dentro desse prazo.,True,5,cancelamento,APROVADO,Resposta clara e eficaz
Me arrependi da compra do celular e quero o cancelamento.,cancelamento,cancelamento,"Seu pedido de cancelamento será processado em até 5 dias úteis. Por favor, aguarde esse período para que possamos concluir o processo. Você será notificado assim que o cancelamento for concluído.",True,5,cancelamento,APROVADO,"Resposta clara e direta ao cliente, informando prazo e procedimento."
Quero cancelar. O prazo de entrega ficou muito longo.,cancelamento,cancelamento,Seu pedido será cancelado em até 5 dias úteis. Você receberá uma confirmação por e-mail assim que o cancelamento for processado. O processo de cancelamento será iniciado imediatamente.,True,5,cancelamento,APROVADO,Resposta clara e eficaz
Como cancelo um pedido que acabei de pagar no boleto?,cancelamento,cancelamento,"Para cancelar o pedido, basta informar o número do pedido e o motivo do cancelamento. O cancelamento será processado em até 5 dias úteis. Entre em contato conosco para iniciar o processo de cancelamento.",True,4,cancelamento,APROVADO,"Resposta clara e objetiva, mas poderia incluir informações sobre o boleto."
"Preciso cancelar urgentemente o pedido de hoje, o cartão usado não era meu.",cancelamento,cancelamento,"Vamos processar o cancelamento do seu pedido. Isso será feito em até 5 dias úteis. Por favor, aguarde até que o processo seja concluído.",True,4,cancelamento,APROVADO,"Resposta adequada, mas poderia incluir mais informações sobre o processo de cancelamento e possíveis consequências."
"Achei o mesmo produto mais barato em outra loja, por isso quero cancelar o meu pedido com vocês.",cancelamento,cancelamento,"Seu pedido será cancelado em até 5 dias úteis. Por favor, aguarde o processamento do cancelamento. Você será notificado assim que o cancelamento for concluído.",True,4,cancelamento,APROVADO,"Resposta clara e objetiva, atendendo à solicitação do cliente."
Meu pedido ainda não chegou. Como acompanho a entrega?,rastreamento,rastreamento,"Para acompanhar a entrega, preciso do número do seu pedido. 
Você pode me informar o número do pedido para que eu possa verificar o status da entrega? 
Isso ajudará a identificar a localização do seu pedido.",True,5,rastreamento,APROVADO,"Resposta clara e eficaz, solicitando informações necessárias para resolver a dúvida do cliente."
Onde tá meu produto? Já passou do prazo de entrega.,rastreamento,rastreamento,"Para verificar o status do seu pedido, preciso saber o número do pedido. Você pode me fornecer esse número? Isso ajudará a localizar o seu pedido e obter informações sobre a entrega.",True,4,rastreamento,APROVADO,"Resposta eficaz, solicitou informações necessárias para resolver a dúvida do cliente."
Pode me passar o código de rastreio do pedido #9921?,rastreamento,rastreamento,"Sim, posso verificar o código de rastreio para você. O código de rastreio do pedido #9921 é necessário para verificar o status de entrega. Você gostaria de saber o código de rastreio agora?",True,3,rastreamento,REPROVADO,Resposta não forneceu diretamente o código de rastreio solicitado.
Quero saber o status de envio da minha compra de semana passada.,rastreamento,rastreamento,"Para verificar o status de envio, preciso do número do seu pedido. 
Você pode me fornecer o número do pedido, por favor? 
Isso ajudará a localizar sua compra e fornecer a informação solicitada.",True,5,rastreamento,APROVADO,"Resposta clara e objetiva, solicitando informações necessárias para resolver a dúvida do cliente."
"Não estou conseguindo rastrear meu pacote pelos correios, diz que o código não existe.",rastreamento,rastreamento,"Para ajudar a resolver o problema, preciso saber o número do seu pedido. 
Pode me informar o número do pedido, por favor? 
Isso vai me permitir verificar o status do seu envio.",True,4,rastreamento,APROVADO,"Resposta útil, mas poderia oferecer mais soluções"
Onde vejo onde está a minha encomenda agora?,rastreamento,rastreamento,"Para verificar o status da sua encomenda, preciso do número do pedido. 
Você pode encontrar esse número no e-mail de confirmação da compra ou no seu histórico de pedidos. 
Por favor, forneça o número do pedido para que eu possa ajudar.",True,4,rastreamento,APROVADO,"Resposta clara e objetiva, mas poderia incluir informações adicionais sobre como acessar o histórico de pedidos."
Meu pedido já foi enviado? Não recebi nenhuma atualização no e-mail.,rastreamento,rastreamento,"Para verificar o status do seu pedido, preciso saber o número do pedido. 
Você pode me informar o número do pedido para que eu possa verificar? 
Isso me ajudará a fornecer uma atualização precisa sobre o seu pedido.",True,5,rastreamento,APROVADO,"Resposta clara e objetiva, solicitando informações necessárias para resolver a dúvida do cliente."
Ainda vai demorar para entregar? Rastreio não atualiza desde terça.,rastreamento,rastreamento,"Para verificar o status do seu pedido, preciso do número do pedido. 
Por favor, forneça o número do pedido para que eu possa ajudar. 
Isso me permitirá verificar a situação do seu envio.",True,4,rastreamento,APROVADO,"Resposta eficaz, mas poderia ser mais direta."
"Gostaria de saber a localização atual do meu pedido, por gentileza.",rastreamento,rastreamento,"Para verificar a localização do seu pedido, preciso do número do pedido. Você pode me fornecer esse número? Isso ajudará a localizar o status atual do seu pedido.",True,5,rastreamento,APROVADO,"Resposta clara e eficaz, solicitando informações necessárias para resolver a dúvida do cliente."
Qual a transportadora que vai entregar meu produto e qual o link de rastreamento?,rastreamento,rastreamento,"Para fornecer essas informações, preciso saber o número do seu pedido. 
Por favor, informe o número do pedido para que eu possa verificar os detalhes da entrega.
Com o número do pedido, posso fornecer as informações sobre a transportadora e o link de rastreamento.",True,4,rastreamento,APROVADO,"Resposta adequada, mas poderia ser mais direta."
Objeto saiu para entrega hoje? Não consigo ver pelo site.,rastreamento,rastreamento,"Para verificar o status do seu pedido, preciso saber o número do pedido. Você pode me fornecer esse número? Assim posso verificar a situação da entrega.",True,4,rastreamento,APROVADO,"Resposta útil, mas poderia ser mais direta."
"Me envia o link de rastreio por aqui, por favor.",rastreamento,rastreamento,"Para enviar o link de rastreio, preciso do número do seu pedido. Você poderia me fornecer esse número? Isso me ajudará a localizar sua encomenda.",True,5,rastreamento,APROVADO,Resposta eficaz e solicitou informações necessárias para atender ao pedido do cliente.
Estou preocupado pq o status do rastreamento tá parado no mesmo lugar faz 4 dias.,rastreamento,rastreamento,"Para verificar o status do seu pedido, preciso saber o número do pedido. Pode me informar o número do pedido, por favor? Isso ajudará a entender melhor a situação do rastreamento.",True,4,rastreamento,APROVADO,"Resposta adequada, mas poderia ser mais direta e oferecer uma solução mais rápida."
Onde está o meu pacote? O prazo termina hoje.,rastreamento,rastreamento,"Para verificar o status do seu pacote, preciso do número do pedido. 
Você pode me fornecer esse número? 
Isso ajudará a localizar o pacote e fornecer atualizações sobre o seu status.",True,5,rastreamento,APROVADO,"Resposta clara e objetiva, solicitando informações necessárias para resolver a dúvida do cliente."
Preciso do código de rastreamento para acompanhar a entrega com a transportadora.,rastreamento,rastreamento,"Para fornecer o código de rastreamento, preciso saber o número do seu pedido. 
Você poderia me informar o número do pedido, por favor? 
Isso me permitirá ajudá-lo a encontrar o código de rastreamento.",True,5,rastreamento,APROVADO,"Resposta clara e objetiva, solicitando informações necessárias para resolver a dúvida do cliente."
"Quero meu dinheiro de volta, o produto veio quebrado.",reembolso,reembolso,O valor será devolvido pelo método de pagamento original. Isso ocorrerá em até 10 dias úteis. Você receberá o reembolso conforme as informações de pagamento originais.,True,5,reembolso,APROVADO,"Resposta clara e concisa, atendendo às necessidades do cliente."
"Já devolvi o item faz uma semana, quando vou receber o estorno no meu cartão?",reembolso,reembolso,O valor será devolvido pelo método de pagamento original. Isso ocorrerá em até 10 dias úteis. Verifique seu extrato bancário nesse prazo para confirmar o crédito.,True,5,reembolso,APROVADO,"Resposta clara e concisa, atendeu à dúvida do cliente."
Solicito o reembolso do valor pago pelo pedido cancelado.,reembolso,reembolso,O valor será devolvido pelo método de pagamento original. Isso ocorrerá em até 10 dias úteis. Você receberá um e-mail confirmando a devolução assim que ela for processada.,True,5,reembolso,APROVADO,"Resposta clara e concisa, atendendo à solicitação do cliente."
O produto não era o que eu esperava e quero a devolução do dinheiro.,reembolso,reembolso,O valor será devolvido pelo método de pagamento original. Isso ocorrerá em até 10 dias úteis. Você receberá o reembolso conforme as informações de pagamento originais.,True,5,reembolso,APROVADO,"Resposta clara e eficaz, atendendo às necessidades do cliente."
"Fui cobrado duas vezes no meu cartão de crédito, preciso do estorno urgente.",reembolso,reembolso,O valor será devolvido pelo método de pagamento original. Isso ocorrerá em até 10 dias úteis. Verifique seu extrato bancário nesse período para confirmar o crédito.,True,5,reembolso,APROVADO,"Resposta clara e eficaz, atendendo às necessidades do cliente."
Como funciona o reembolso caso eu desista da compra dentro dos 7 dias?,reembolso,reembolso,O valor será devolvido pelo método de pagamento original. Isso ocorrerá em até 10 dias úteis após a solicitação. Você receberá o reembolso no mesmo método utilizado para realizar a compra.,True,5,reembolso,APROVADO,Resposta clara e completa
Paguei no pix e o pedido foi cancelado. Quando cai o reembolso na minha conta?,reembolso,reembolso,"O valor será devolvido pelo método de pagamento original em até 10 dias úteis. O reembolso será feito pelo mesmo método de pagamento que você utilizou, no caso, o Pix. Você receberá o valor de volta em sua conta em até 10 dias úteis.",True,5,reembolso,APROVADO,Resposta clara e precisa sobre o prazo de reembolso.
Quero a restituição do valor pago pelo produto que veio com defeito.,reembolso,reembolso,O valor será devolvido pelo método de pagamento original. Isso ocorrerá em até 10 dias úteis. Você receberá o crédito no mesmo cartão ou meio de pagamento utilizado na compra.,True,5,reembolso,APROVADO,"Resposta clara e objetiva, atendendo às necessidades do cliente."
Vocês já processaram o meu reembolso? Faz dias que mandei o produto de volta.,reembolso,reembolso,O valor será devolvido pelo método de pagamento original. Isso ocorrerá em até 10 dias úteis após o recebimento do produto. Verifique seu extrato bancário ou de cartão de crédito para acompanhar a devolução.,True,4,reembolso,APROVADO,"Resposta clara e objetiva, mas poderia incluir uma confirmação do recebimento do produto."
"Não quero vale-troca, prefiro o dinheiro de volta na minha conta.",reembolso,reembolso,O valor será devolvido pelo método de pagamento original. Isso ocorrerá em até 10 dias úteis. O crédito será feito na mesma conta utilizada para a compra.,True,5,reembolso,APROVADO,"Resposta clara e direta, atendendo à solicitação do cliente."
"O pedido veio faltando um item, quero o reembolso proporcional desse valor.",reembolso,reembolso,O valor do item faltante será devolvido pelo método de pagamento original. O reembolso será processado em até 10 dias úteis. Você receberá o valor proporcional ao item faltante.,True,5,reembolso,APROVADO,"Resposta clara e eficaz, atendendo à solicitação do cliente."
Propaganda enganosa. Quero devolver o produto e receber meu dinheiro integralmente.,reembolso,reembolso,O valor será devolvido pelo método de pagamento original. Isso ocorrerá em até 10 dias úteis. Você receberá o valor integralmente.,True,5,reembolso,APROVADO,"Resposta clara e concisa, atendendo às necessidades do cliente."
O estorno na fatura do cartão demora quantas parcelas para aparecer?,reembolso,reembolso,"O valor será devolvido pelo método de pagamento original em até 10 dias úteis. 
Isso significa que o estorno pode levar até 10 dias úteis para ser processado e aparecer na sua fatura. 
O prazo é contado a partir da data de solicitação do estorno.",True,5,reembolso,APROVADO,"Resposta clara e precisa, atendeu à dúvida do cliente."
Tive que pagar uma taxa extra e quero o reembolso desse valor extra que gastei.,reembolso,reembolso,O valor extra pago será devolvido pelo método de pagamento original. O reembolso será processado em até 10 dias úteis. Verifique sua conta para confirmar a devolução do valor.,True,5,reembolso,APROVADO,"Resposta clara e eficaz, atendendo às necessidades do cliente."
Quero o estorno do pagamento pois desisti de ficar com a mercadoria.,reembolso,reembolso,O valor será devolvido pelo método de pagamento original. Isso ocorrerá em até 10 dias úteis. Você receberá o crédito de volta na mesma forma como realizou o pagamento.,True,5,reembolso,APROVADO,"Resposta clara e concisa, atendendo às necessidades do cliente."
"A blusa ficou muito pequena, como faço para trocar por um tamanho maior?",troca,troca,"Para trocar a blusa, você deve solicitar a troca pelo nosso app ou site dentro de 7 dias após o recebimento do produto. Basta acessar sua conta e seguir as instruções para solicitar a troca. Você receberá as instruções adicionais após solicitar a troca.",True,5,troca,APROVADO,"Resposta clara e concisa, atendendo às necessidades do cliente."
"O produto veio com defeito de fábrica, quero trocar por um novo.",troca,troca,"Para solicitar a troca, basta acessar nosso app ou site e seguir as instruções dentro do prazo de 7 dias após o recebimento do produto. É necessário ter o número do pedido e a descrição do defeito para realizar a solicitação. A troca será processada após a análise da solicitação.",True,5,troca,APROVADO,"Resposta clara e concisa, atende às necessidades do cliente."
Recebi a cor errada do batom. Comprei vermelho e veio rosa. Quero trocar.,troca,troca,"Para realizar a troca, é necessário solicitar pelo app ou site dentro de 7 dias após o recebimento do produto. Basta acessar a seção de trocas e seguir as instruções. Verifique as opções de troca disponíveis para o seu pedido.",True,4,troca,APROVADO,"Resposta clara e direta, mas poderia incluir mais detalhes sobre o processo de troca."
Quero trocar o sapato que comprei por outro modelo do mesmo valor.,troca,troca,"Para realizar a troca, é necessário solicitar pelo app ou site dentro de 7 dias após o recebimento do produto. Basta acessar a seção de trocas e seguir as instruções. Certifique-se de que o novo modelo tenha o mesmo valor do produto original.",True,5,troca,APROVADO,"Resposta clara e concisa, atendeu às necessidades do cliente."
Como faço para solicitar a troca de um produto comprado no site?,troca,troca,"Para solicitar a troca, basta acessar o app ou site e seguir as instruções dentro do prazo de 7 dias após o recebimento do produto. É necessário estar logado na sua conta para realizar a solicitação. Verifique as opções de troca disponíveis para o seu produto.",True,5,troca,APROVADO,"Resposta clara e completa, atendeu à dúvida do cliente."
O casaco que comprei veio com um rasgo. Preciso trocar por outro sem defeito.,troca,troca,"Para solicitar a troca, basta acessar nosso app ou site e seguir as instruções dentro do prazo de 7 dias após o recebimento do produto. É necessário ter o número do pedido e a descrição do problema com o item. A troca será processada após a verificação do defeito.",True,5,troca,APROVADO,"Resposta clara e direta, atendendo às necessidades do cliente."
"Comprei uma voltagem errada sem querer, tem como trocar o produto por 220v?",troca,troca,"Sim, é possível trocar o produto. Você deve solicitar a troca pelo app ou site dentro de 7 dias após o recebimento do produto. Basta acessar sua conta e seguir as instruções para solicitar a troca.",True,5,troca,APROVADO,"Resposta clara e direta, atendeu à necessidade do cliente."
"O tênis machucou meu pé, posso efetuar a troca por outro modelo?",troca,troca,"Sim, é possível efetuar a troca. Você deve solicitar a troca pelo app ou site dentro de 7 dias após o recebimento do produto. Basta seguir as instruções no site ou app para iniciar o processo de troca.",True,5,troca,APROVADO,"Resposta clara e concisa, atendeu à necessidade do cliente."
"Gostaria de trocar o produto, mas já joguei a caixa fora. É possível?",troca,troca,"Sim, é possível solicitar a troca mesmo sem a caixa. Você deve solicitar a troca pelo app ou site dentro de 7 dias após o recebimento do produto. Basta seguir as instruções no site para iniciar o processo de troca.",True,5,troca,APROVADO,"Resposta clara e direta, atendeu à dúvida do cliente"
Qual o prazo máximo que eu tenho para pedir a troca de uma roupa?,troca,troca,Você tem 7 dias após o recebimento da roupa para solicitar a troca. Basta acessar nosso app ou site e seguir as instruções. O pedido de troca deve ser feito dentro desse prazo para ser processado.,True,5,troca,APROVADO,"Resposta clara e concisa, atendeu à dúvida do cliente de forma eficaz."
Recebi o produto hoje e não gostei do tecido. Quero trocar por outra peça.,troca,troca,"Para realizar a troca, você deve solicitar pelo app ou site dentro de 7 dias após o recebimento do produto. É necessário seguir as instruções no site para iniciar o processo de troca. Verifique as opções de troca disponíveis e siga as etapas indicadas.",True,5,troca,APROVADO,"Resposta clara e direta, fornece todas as informações necessárias para a troca."
Quero fazer a substituição do produto que veio quebrado por um funcionando perfeitamente.,troca,troca,"Para realizar a troca, é necessário solicitar pelo app ou site dentro de 7 dias após o recebimento do produto. Basta seguir as instruções no site ou app para iniciar o processo de troca. Verifique as opções de troca disponíveis e siga as etapas indicadas.",True,5,troca,APROVADO,"Resposta clara e direta, atendendo às necessidades do cliente."
Onde consigo o código de postagem para enviar o produto de volta para troca?,troca,troca,"Para solicitar a troca, você deve acessar nosso app ou site dentro de 7 dias após o recebimento do produto. 
Lá, você encontrará as instruções para iniciar o processo de troca. 
O código de postagem será fornecido após a solicitação ser aprovada.",True,5,troca,APROVADO,"Resposta clara e direta, atendeu à dúvida do cliente"
Comprei de presente mas a pessoa já tinha. Posso trocar por qualquer outra coisa da loja?,troca,troca,"Sim, é possível trocar o produto dentro de 7 dias após o recebimento. Para fazer a troca, basta solicitar pelo app ou site. O produto pode ser trocado por qualquer outro item disponível na loja.",True,5,troca,APROVADO,"Resposta clara e concisa, atendeu à necessidade do cliente."
Preciso trocar este item porque ele veio com o tamanho diferente do que estava na etiqueta.,troca,troca,"Para realizar a troca, você deve solicitar pelo app ou site dentro de 7 dias após o recebimento do item. É necessário seguir as instruções no site ou app para iniciar o processo de troca. Verifique as opções de troca disponíveis e siga as etapas indicadas.",True,5,troca,APROVADO,"Resposta clara e direta, fornece todas as informações necessárias para a troca."
